{"DefaultTint":{"r":0.0,"g":0.0,"b":0.0,"a":0.699999988079071},"FoldersData":{"Keys":["5a2d9e60ade4e494eab4bae31c489684","a6d3271a4ab4aa443aef92a9c0f001ce","953cdf155baaae041b52a526597e055a","11c0d4e5985d7b74ba4406b962339b1f"],"Values":[{"_guid":"5a2d9e60ade4e494eab4bae31c489684","_color":{"r":0.5047740936279297,"g":0.0,"b":1.0,"a":0.699999988079071},"_recursive":true},{"_guid":"a6d3271a4ab4aa443aef92a9c0f001ce","_color":{"r":0.0,"g":0.8998494148254395,"b":1.0,"a":0.699999988079071},"_recursive":true},{"_guid":"953cdf155baaae041b52a526597e055a","_color":{"r":0.24280452728271485,"g":1.0,"b":0.0,"a":0.699999988079071},"_recursive":true},{"_guid":"11c0d4e5985d7b74ba4406b962339b1f","_color":{"r":1.0,"g":0.5168297290802002,"b":0.0,"a":0.699999988079071},"_recursive":true}]}}